filename;rel_filepath;status;n_chunks;first_message;most_recent_message
'test_watchdog_process_folder_test_2_txt_result.npy';'test_watchdog_process_folder_test_2_txt_result.npy';'failed';1;'Thu Jul 18, 2024 at 16:21:39';'Thu Jul 18, 2024 at 16:21:40'
'test_watchdog_process_folder__ipynb_checkpoints_test_1-checkpoint_txt_result.npy';'test_watchdog_process_folder__ipynb_checkpoints_test_1-checkpoint_txt_result.npy';'failed';1;'Thu Jul 18, 2024 at 16:21:39';'Thu Jul 18, 2024 at 16:21:40'
'_ipynb_checkpoints_test_data-checkpoint_txt_result.npy';'_ipynb_checkpoints_test_data-checkpoint_txt_result.npy';'failed';1;'Thu Jul 18, 2024 at 16:21:39';'Thu Jul 18, 2024 at 16:21:40'
'test_watchdog_process_folder_test_1_txt_result.npy';'test_watchdog_process_folder_test_1_txt_result.npy';'failed';1;'Thu Jul 18, 2024 at 16:21:39';'Thu Jul 18, 2024 at 16:21:40'
'test_data_txt_result.npy';'test_data_txt_result.npy';'failed';1;'Thu Jul 18, 2024 at 16:21:39';'Thu Jul 18, 2024 at 16:21:40'
'test_watchdog_process_folder__ipynb_checkpoints_test_2-checkpoint_txt_result.npy';'test_watchdog_process_folder__ipynb_checkpoints_test_2-checkpoint_txt_result.npy';'failed';1;'Thu Jul 18, 2024 at 16:21:40';'Thu Jul 18, 2024 at 16:21:40'
'test_watchdog_txt_result.npy';'test_watchdog_txt_result.npy';'failed';1;'Thu Jul 18, 2024 at 16:21:40';'Thu Jul 18, 2024 at 16:21:40'
'test_watchdog_process_folder_2__ipynb_checkpoints_test_1-checkpoint_txt_result.npy';'test_watchdog_process_folder_2__ipynb_checkpoints_test_1-checkpoint_txt_result.npy';'failed';1;'Thu Jul 18, 2024 at 16:21:40';'Thu Jul 18, 2024 at 16:21:40'
'test_watchdog_folder_test_1_txt_result.npy';'test_watchdog_folder_test_1_txt_result.npy';'failed';1;'Thu Jul 18, 2024 at 16:21:40';'Thu Jul 18, 2024 at 16:21:40'
'test_watchdog_process_folder_2__ipynb_checkpoints_test_2-checkpoint_txt_result.npy';'test_watchdog_process_folder_2__ipynb_checkpoints_test_2-checkpoint_txt_result.npy';'failed';1;'Thu Jul 18, 2024 at 16:21:40';'Thu Jul 18, 2024 at 16:21:40'
'test_watchdog_folder__ipynb_checkpoints_test_1-checkpoint_txt_result.npy';'test_watchdog_folder__ipynb_checkpoints_test_1-checkpoint_txt_result.npy';'failed';1;'Thu Jul 18, 2024 at 16:21:40';'Thu Jul 18, 2024 at 16:21:40'
'test_watchdog_folder_test_2_txt_result.npy';'test_watchdog_folder_test_2_txt_result.npy';'failed';1;'Thu Jul 18, 2024 at 16:21:40';'Thu Jul 18, 2024 at 16:21:40'
'test_watchdog_folder__ipynb_checkpoints_test_2-checkpoint_txt_result.npy';'test_watchdog_folder__ipynb_checkpoints_test_2-checkpoint_txt_result.npy';'failed';1;'Thu Jul 18, 2024 at 16:21:40';'Thu Jul 18, 2024 at 16:21:40'
'test_watchdog_process_folder_2_test_1_txt_result.npy';'test_watchdog_process_folder_2_test_1_txt_result.npy';'failed';1;'Thu Jul 18, 2024 at 16:21:40';'Thu Jul 18, 2024 at 16:21:40'
'test_watchdog_process_folder_2_test_2_txt_result.npy';'test_watchdog_process_folder_2_test_2_txt_result.npy';'failed';1;'Thu Jul 18, 2024 at 16:21:40';'Thu Jul 18, 2024 at 16:21:40'
'full_test_txt_result.npy';'full_test_txt_result.npy';'failed';1;'Thu Jul 18, 2024 at 16:21:40';'Thu Jul 18, 2024 at 16:21:40'
'full_test_2_txt_result.npy';'full_test_2_txt_result.npy';'failed';1;'Thu Jul 18, 2024 at 16:21:40';'Thu Jul 18, 2024 at 16:21:40'
'test_full_txt_result.npy';'test_full_txt_result.npy';'failed';1;'Thu Jul 18, 2024 at 16:21:40';'Thu Jul 18, 2024 at 16:21:40'
'test_data_txt_placeholder.txt';'test_data_txt_placeholder.txt';'failed';1;'Thu Jul 18, 2024 at 16:21:40';'Thu Jul 18, 2024 at 16:21:40'
'test_watchdog_folder_test_2_txt_placeholder.txt';'test_watchdog_folder_test_2_txt_placeholder.txt';'failed';1;'Thu Jul 18, 2024 at 16:21:40';'Thu Jul 18, 2024 at 16:21:40'
'test_watchdog_process_folder_test_1_txt_placeholder.txt';'test_watchdog_process_folder_test_1_txt_placeholder.txt';'failed';1;'Thu Jul 18, 2024 at 16:21:40';'Thu Jul 18, 2024 at 16:21:40'
'test_watchdog_process_folder_2_test_2_txt_placeholder.txt';'test_watchdog_process_folder_2_test_2_txt_placeholder.txt';'failed';1;'Thu Jul 18, 2024 at 16:21:40';'Thu Jul 18, 2024 at 16:21:40'
'full_test_2_txt_placeholder.txt';'full_test_2_txt_placeholder.txt';'failed';1;'Thu Jul 18, 2024 at 16:21:40';'Thu Jul 18, 2024 at 16:21:40'
'test_watchdog_folder_test_1_txt_placeholder.txt';'test_watchdog_folder_test_1_txt_placeholder.txt';'failed';1;'Thu Jul 18, 2024 at 16:21:40';'Thu Jul 18, 2024 at 16:21:40'
'test_watchdog_process_folder_test_2_txt_placeholder.txt';'test_watchdog_process_folder_test_2_txt_placeholder.txt';'failed';1;'Thu Jul 18, 2024 at 16:21:40';'Thu Jul 18, 2024 at 16:21:40'
'test_watchdog_process_folder_2_test_1_txt_placeholder.txt';'test_watchdog_process_folder_2_test_1_txt_placeholder.txt';'failed';1;'Thu Jul 18, 2024 at 16:21:40';'Thu Jul 18, 2024 at 16:21:40'
'test_watchdog_txt_placeholder.txt';'test_watchdog_txt_placeholder.txt';'failed';1;'Thu Jul 18, 2024 at 16:21:40';'Thu Jul 18, 2024 at 16:21:40'
'full_test_txt_placeholder.txt';'full_test_txt_placeholder.txt';'failed';1;'Thu Jul 18, 2024 at 16:21:40';'Thu Jul 18, 2024 at 16:21:40'
'test_watchdog_folder__ipynb_checkpoints_test_2-checkpoint_txt_placeholder.txt';'test_watchdog_folder__ipynb_checkpoints_test_2-checkpoint_txt_placeholder.txt';'failed';1;'Thu Jul 18, 2024 at 16:21:40';'Thu Jul 18, 2024 at 16:21:40'
'_ipynb_checkpoints_test_data-checkpoint_txt_placeholder.txt';'_ipynb_checkpoints_test_data-checkpoint_txt_placeholder.txt';'failed';1;'Thu Jul 18, 2024 at 16:21:40';'Thu Jul 18, 2024 at 16:21:40'
'test_watchdog_process_folder__ipynb_checkpoints_test_1-checkpoint_txt_placeholder.txt';'test_watchdog_process_folder__ipynb_checkpoints_test_1-checkpoint_txt_placeholder.txt';'failed';1;'Thu Jul 18, 2024 at 16:21:40';'Thu Jul 18, 2024 at 16:21:40'
'test_watchdog_folder__ipynb_checkpoints_test_1-checkpoint_txt_placeholder.txt';'test_watchdog_folder__ipynb_checkpoints_test_1-checkpoint_txt_placeholder.txt';'failed';1;'Thu Jul 18, 2024 at 16:21:40';'Thu Jul 18, 2024 at 16:21:40'
'test_watchdog_process_folder_2__ipynb_checkpoints_test_2-checkpoint_txt_placeholder.txt';'test_watchdog_process_folder_2__ipynb_checkpoints_test_2-checkpoint_txt_placeholder.txt';'failed';1;'Thu Jul 18, 2024 at 16:21:40';'Thu Jul 18, 2024 at 16:21:40'
'test_watchdog_process_folder__ipynb_checkpoints_test_2-checkpoint_txt_placeholder.txt';'test_watchdog_process_folder__ipynb_checkpoints_test_2-checkpoint_txt_placeholder.txt';'failed';1;'Thu Jul 18, 2024 at 16:21:40';'Thu Jul 18, 2024 at 16:21:40'
'test_full_txt_placeholder.txt';'test_full_txt_placeholder.txt';'failed';1;'Thu Jul 18, 2024 at 16:21:40';'Thu Jul 18, 2024 at 16:21:40'
'test_watchdog_process_folder_2__ipynb_checkpoints_test_1-checkpoint_txt_placeholder.txt';'test_watchdog_process_folder_2__ipynb_checkpoints_test_1-checkpoint_txt_placeholder.txt';'failed';1;'Thu Jul 18, 2024 at 16:21:40';'Thu Jul 18, 2024 at 16:21:40'
'test_watchdog_txt_placeholder.npy';'test_watchdog_txt_placeholder.npy';'failed';1;'Thu Jul 18, 2024 at 16:21:40';'Thu Jul 18, 2024 at 16:21:40'
'test_watchdog_folder__ipynb_checkpoints_test_2-checkpoint_txt_placeholder.npy';'test_watchdog_folder__ipynb_checkpoints_test_2-checkpoint_txt_placeholder.npy';'failed';1;'Thu Jul 18, 2024 at 16:21:40';'Thu Jul 18, 2024 at 16:21:40'
'test_watchdog_process_folder__ipynb_checkpoints_test_1-checkpoint_txt_placeholder.npy';'test_watchdog_process_folder__ipynb_checkpoints_test_1-checkpoint_txt_placeholder.npy';'failed';1;'Thu Jul 18, 2024 at 16:21:40';'Thu Jul 18, 2024 at 16:21:40'
'test_watchdog_process_folder_2__ipynb_checkpoints_test_2-checkpoint_txt_placeholder.npy';'test_watchdog_process_folder_2__ipynb_checkpoints_test_2-checkpoint_txt_placeholder.npy';'failed';1;'Thu Jul 18, 2024 at 16:21:40';'Thu Jul 18, 2024 at 16:21:40'
'test_full_txt_placeholder.npy';'test_full_txt_placeholder.npy';'failed';1;'Thu Jul 18, 2024 at 16:21:40';'Thu Jul 18, 2024 at 16:21:40'
'test_data_txt_placeholder.npy';'test_data_txt_placeholder.npy';'failed';1;'Thu Jul 18, 2024 at 16:21:40';'Thu Jul 18, 2024 at 16:21:41'
'_ipynb_checkpoints_test_data-checkpoint_txt_placeholder.npy';'_ipynb_checkpoints_test_data-checkpoint_txt_placeholder.npy';'failed';1;'Thu Jul 18, 2024 at 16:21:40';'Thu Jul 18, 2024 at 16:21:41'
'test_watchdog_folder_test_1_txt_placeholder.npy';'test_watchdog_folder_test_1_txt_placeholder.npy';'failed';1;'Thu Jul 18, 2024 at 16:21:40';'Thu Jul 18, 2024 at 16:21:41'
'test_watchdog_folder_test_2_txt_placeholder.npy';'test_watchdog_folder_test_2_txt_placeholder.npy';'failed';1;'Thu Jul 18, 2024 at 16:21:40';'Thu Jul 18, 2024 at 16:21:41'
'test_watchdog_folder__ipynb_checkpoints_test_1-checkpoint_txt_placeholder.npy';'test_watchdog_folder__ipynb_checkpoints_test_1-checkpoint_txt_placeholder.npy';'failed';1;'Thu Jul 18, 2024 at 16:21:40';'Thu Jul 18, 2024 at 16:21:41'
'test_watchdog_process_folder_test_2_txt_placeholder.npy';'test_watchdog_process_folder_test_2_txt_placeholder.npy';'failed';1;'Thu Jul 18, 2024 at 16:21:40';'Thu Jul 18, 2024 at 16:21:41'
'test_watchdog_process_folder_test_1_txt_placeholder.npy';'test_watchdog_process_folder_test_1_txt_placeholder.npy';'failed';1;'Thu Jul 18, 2024 at 16:21:40';'Thu Jul 18, 2024 at 16:21:41'
'test_watchdog_process_folder_2_test_1_txt_placeholder.npy';'test_watchdog_process_folder_2_test_1_txt_placeholder.npy';'failed';1;'Thu Jul 18, 2024 at 16:21:40';'Thu Jul 18, 2024 at 16:21:41'
'test_watchdog_process_folder__ipynb_checkpoints_test_2-checkpoint_txt_placeholder.npy';'test_watchdog_process_folder__ipynb_checkpoints_test_2-checkpoint_txt_placeholder.npy';'failed';1;'Thu Jul 18, 2024 at 16:21:40';'Thu Jul 18, 2024 at 16:21:41'
'test_watchdog_process_folder_2_test_2_txt_placeholder.npy';'test_watchdog_process_folder_2_test_2_txt_placeholder.npy';'failed';1;'Thu Jul 18, 2024 at 16:21:40';'Thu Jul 18, 2024 at 16:21:41'
'test_watchdog_process_folder_2__ipynb_checkpoints_test_1-checkpoint_txt_placeholder.npy';'test_watchdog_process_folder_2__ipynb_checkpoints_test_1-checkpoint_txt_placeholder.npy';'failed';1;'Thu Jul 18, 2024 at 16:21:40';'Thu Jul 18, 2024 at 16:21:41'
'full_test_txt_placeholder.npy';'full_test_txt_placeholder.npy';'failed';1;'Thu Jul 18, 2024 at 16:21:40';'Thu Jul 18, 2024 at 16:21:41'
'full_test_2_txt_placeholder.npy';'full_test_2_txt_placeholder.npy';'failed';1;'Thu Jul 18, 2024 at 16:21:41';'Thu Jul 18, 2024 at 16:21:41'
'final_test_txt_placeholder.npy';'final_test_txt_placeholder.npy';'failed';1;'Thu Jul 18, 2024 at 16:21:41';'Thu Jul 18, 2024 at 16:21:41'
'final_final_test_txt_placeholder.npy';'final_final_test_txt_placeholder.npy';'failed';1;'Thu Jul 18, 2024 at 16:21:41';'Thu Jul 18, 2024 at 16:21:41'