filename;rel_filepath;n_chunks;first_message;processed_at
'_ipynb_checkpoints_test_data-checkpoint_txt_result.npy';'_ipynb_checkpoints_test_data-checkpoint_txt_result.npy';1;'Thu Jul 18, 2024 at 14:51:55';'Thu Jul 18, 2024 at 14:51:55'
'test_data_txt_result.npy';'test_data_txt_result.npy';1;'Thu Jul 18, 2024 at 14:51:55';'Thu Jul 18, 2024 at 14:51:55'
'test_watchdog_txt_result.npy';'test_watchdog_txt_result.npy';1;'Thu Jul 18, 2024 at 14:51:55';'Thu Jul 18, 2024 at 14:51:55'
'test_watchdog_folder_test_1_txt_result.npy';'test_watchdog_folder_test_1_txt_result.npy';1;'Thu Jul 18, 2024 at 14:51:55';'Thu Jul 18, 2024 at 14:51:55'
'test_watchdog_folder__ipynb_checkpoints_test_1-checkpoint_txt_result.npy';'test_watchdog_folder__ipynb_checkpoints_test_1-checkpoint_txt_result.npy';1;'Thu Jul 18, 2024 at 14:51:55';'Thu Jul 18, 2024 at 14:51:55'
'test_watchdog_folder_test_2_txt_result.npy';'test_watchdog_folder_test_2_txt_result.npy';1;'Thu Jul 18, 2024 at 14:51:55';'Thu Jul 18, 2024 at 14:51:55'
'test_watchdog_folder__ipynb_checkpoints_test_2-checkpoint_txt_result.npy';'test_watchdog_folder__ipynb_checkpoints_test_2-checkpoint_txt_result.npy';1;'Thu Jul 18, 2024 at 14:51:55';'Thu Jul 18, 2024 at 14:51:55'
'test_watchdog_process_folder_2_test_1_txt_result.npy';'test_watchdog_process_folder_2_test_1_txt_result.npy';1;'Thu Jul 18, 2024 at 14:51:56';'Thu Jul 18, 2024 at 14:51:56'
'test_watchdog_process_folder_2_test_2_txt_result.npy';'test_watchdog_process_folder_2_test_2_txt_result.npy';1;'Thu Jul 18, 2024 at 14:51:56';'Thu Jul 18, 2024 at 14:51:56'
'full_test_txt_result.npy';'full_test_txt_result.npy';1;'Thu Jul 18, 2024 at 14:51:56';'Thu Jul 18, 2024 at 14:51:56'
'full_test_txt_result.npy';'full_test_txt_result.npy';1;'Thu Jul 18, 2024 at 14:51:56';'Thu Jul 18, 2024 at 14:51:56'
'full_test_2_txt_result.npy';'full_test_2_txt_result.npy';1;'Thu Jul 18, 2024 at 14:51:56';'Thu Jul 18, 2024 at 14:51:56'
'test_data_txt_result.npy';'test_data_txt_result.npy';1;'Thu Jul 18, 2024 at 14:51:56';'Thu Jul 18, 2024 at 14:51:56'
'_ipynb_checkpoints_test_data-checkpoint_txt_result.npy';'_ipynb_checkpoints_test_data-checkpoint_txt_result.npy';1;'Thu Jul 18, 2024 at 14:51:56';'Thu Jul 18, 2024 at 14:51:56'
'test_watchdog_folder_test_1_txt_result.npy';'test_watchdog_folder_test_1_txt_result.npy';1;'Thu Jul 18, 2024 at 14:51:56';'Thu Jul 18, 2024 at 14:51:56'
'test_watchdog_txt_result.npy';'test_watchdog_txt_result.npy';1;'Thu Jul 18, 2024 at 14:51:56';'Thu Jul 18, 2024 at 14:51:56'
'test_watchdog_folder_test_2_txt_result.npy';'test_watchdog_folder_test_2_txt_result.npy';1;'Thu Jul 18, 2024 at 14:51:56';'Thu Jul 18, 2024 at 14:51:56'
'test_watchdog_folder__ipynb_checkpoints_test_1-checkpoint_txt_result.npy';'test_watchdog_folder__ipynb_checkpoints_test_1-checkpoint_txt_result.npy';1;'Thu Jul 18, 2024 at 14:51:56';'Thu Jul 18, 2024 at 14:51:56'
'test_watchdog_folder__ipynb_checkpoints_test_2-checkpoint_txt_result.npy';'test_watchdog_folder__ipynb_checkpoints_test_2-checkpoint_txt_result.npy';1;'Thu Jul 18, 2024 at 14:51:56';'Thu Jul 18, 2024 at 14:51:56'
'test_watchdog_process_folder_2_test_1_txt_result.npy';'test_watchdog_process_folder_2_test_1_txt_result.npy';1;'Thu Jul 18, 2024 at 14:51:56';'Thu Jul 18, 2024 at 14:51:56'
'test_watchdog_process_folder_2_test_2_txt_result.npy';'test_watchdog_process_folder_2_test_2_txt_result.npy';1;'Thu Jul 18, 2024 at 14:51:56';'Thu Jul 18, 2024 at 14:51:56'
'full_test_txt_result.npy';'full_test_txt_result.npy';1;'Thu Jul 18, 2024 at 14:51:56';'Thu Jul 18, 2024 at 14:51:56'
'full_test_txt_result.npy';'full_test_txt_result.npy';1;'Thu Jul 18, 2024 at 14:51:56';'Thu Jul 18, 2024 at 14:51:56'
'full_test_2_txt_result.npy';'full_test_2_txt_result.npy';1;'Thu Jul 18, 2024 at 14:51:56';'Thu Jul 18, 2024 at 14:51:56'
'test_watchdog_txt_placeholder.txt';'test_watchdog_txt_placeholder.txt';1;'Thu Jul 18, 2024 at 14:52:25';'Thu Jul 18, 2024 at 14:52:25'
'test_watchdog_folder__ipynb_checkpoints_test_2-checkpoint_txt_placeholder.txt';'test_watchdog_folder__ipynb_checkpoints_test_2-checkpoint_txt_placeholder.txt';1;'Thu Jul 18, 2024 at 14:52:25';'Thu Jul 18, 2024 at 14:52:25'
'test_watchdog_process_folder__ipynb_checkpoints_test_1-checkpoint_txt_placeholder.txt';'test_watchdog_process_folder__ipynb_checkpoints_test_1-checkpoint_txt_placeholder.txt';1;'Thu Jul 18, 2024 at 14:52:25';'Thu Jul 18, 2024 at 14:52:25'
'test_watchdog_process_folder_2__ipynb_checkpoints_test_2-checkpoint_txt_placeholder.txt';'test_watchdog_process_folder_2__ipynb_checkpoints_test_2-checkpoint_txt_placeholder.txt';1;'Thu Jul 18, 2024 at 14:52:25';'Thu Jul 18, 2024 at 14:52:25'
'test_full_txt_placeholder.txt';'test_full_txt_placeholder.txt';1;'Thu Jul 18, 2024 at 14:52:25';'Thu Jul 18, 2024 at 14:52:25'
'test_watchdog_process_folder_test_2_txt_result.npy';'test_watchdog_process_folder_test_2_txt_result.npy';1;'Thu Jul 18, 2024 at 14:51:55';'Thu Jul 18, 2024 at 14:51:55'
'test_watchdog_process_folder__ipynb_checkpoints_test_1-checkpoint_txt_result.npy';'test_watchdog_process_folder__ipynb_checkpoints_test_1-checkpoint_txt_result.npy';1;'Thu Jul 18, 2024 at 14:51:55';'Thu Jul 18, 2024 at 14:51:55'
'test_watchdog_process_folder_test_1_txt_result.npy';'test_watchdog_process_folder_test_1_txt_result.npy';1;'Thu Jul 18, 2024 at 14:51:55';'Thu Jul 18, 2024 at 14:51:55'
'test_watchdog_process_folder__ipynb_checkpoints_test_2-checkpoint_txt_result.npy';'test_watchdog_process_folder__ipynb_checkpoints_test_2-checkpoint_txt_result.npy';1;'Thu Jul 18, 2024 at 14:51:55';'Thu Jul 18, 2024 at 14:51:55'
'test_watchdog_process_folder_2__ipynb_checkpoints_test_1-checkpoint_txt_result.npy';'test_watchdog_process_folder_2__ipynb_checkpoints_test_1-checkpoint_txt_result.npy';1;'Thu Jul 18, 2024 at 14:51:55';'Thu Jul 18, 2024 at 14:51:55'
'test_watchdog_process_folder_2__ipynb_checkpoints_test_2-checkpoint_txt_result.npy';'test_watchdog_process_folder_2__ipynb_checkpoints_test_2-checkpoint_txt_result.npy';1;'Thu Jul 18, 2024 at 14:51:55';'Thu Jul 18, 2024 at 14:51:55'
'test_watchdog_process_folder_test_2_txt_result.npy';'test_watchdog_process_folder_test_2_txt_result.npy';1;'Thu Jul 18, 2024 at 14:51:56';'Thu Jul 18, 2024 at 14:51:56'
'test_watchdog_process_folder_test_1_txt_result.npy';'test_watchdog_process_folder_test_1_txt_result.npy';1;'Thu Jul 18, 2024 at 14:51:56';'Thu Jul 18, 2024 at 14:51:56'
'test_watchdog_process_folder__ipynb_checkpoints_test_1-checkpoint_txt_result.npy';'test_watchdog_process_folder__ipynb_checkpoints_test_1-checkpoint_txt_result.npy';1;'Thu Jul 18, 2024 at 14:51:56';'Thu Jul 18, 2024 at 14:51:56'
'test_watchdog_process_folder__ipynb_checkpoints_test_2-checkpoint_txt_result.npy';'test_watchdog_process_folder__ipynb_checkpoints_test_2-checkpoint_txt_result.npy';1;'Thu Jul 18, 2024 at 14:51:56';'Thu Jul 18, 2024 at 14:51:56'
'test_watchdog_process_folder_2__ipynb_checkpoints_test_1-checkpoint_txt_result.npy';'test_watchdog_process_folder_2__ipynb_checkpoints_test_1-checkpoint_txt_result.npy';1;'Thu Jul 18, 2024 at 14:51:56';'Thu Jul 18, 2024 at 14:51:56'
'test_watchdog_process_folder_2__ipynb_checkpoints_test_2-checkpoint_txt_result.npy';'test_watchdog_process_folder_2__ipynb_checkpoints_test_2-checkpoint_txt_result.npy';1;'Thu Jul 18, 2024 at 14:51:56';'Thu Jul 18, 2024 at 14:51:56'
'test_full_txt_result.npy';'test_full_txt_result.npy';1;'Thu Jul 18, 2024 at 14:51:56';'Thu Jul 18, 2024 at 14:51:56'
'test_data_txt_placeholder.txt';'test_data_txt_placeholder.txt';1;'Thu Jul 18, 2024 at 14:52:24';'Thu Jul 18, 2024 at 14:52:24'
'test_watchdog_folder_test_2_txt_placeholder.txt';'test_watchdog_folder_test_2_txt_placeholder.txt';1;'Thu Jul 18, 2024 at 14:52:24';'Thu Jul 18, 2024 at 14:52:24'
'test_watchdog_process_folder_test_1_txt_placeholder.txt';'test_watchdog_process_folder_test_1_txt_placeholder.txt';1;'Thu Jul 18, 2024 at 14:52:24';'Thu Jul 18, 2024 at 14:52:24'
'test_watchdog_process_folder_2_test_2_txt_placeholder.txt';'test_watchdog_process_folder_2_test_2_txt_placeholder.txt';1;'Thu Jul 18, 2024 at 14:52:24';'Thu Jul 18, 2024 at 14:52:24'
'full_test_2_txt_placeholder.txt';'full_test_2_txt_placeholder.txt';1;'Thu Jul 18, 2024 at 14:52:24';'Thu Jul 18, 2024 at 14:52:24'
'test_watchdog_folder_test_1_txt_placeholder.txt';'test_watchdog_folder_test_1_txt_placeholder.txt';1;'Thu Jul 18, 2024 at 14:52:25';'Thu Jul 18, 2024 at 14:52:25'
'test_watchdog_process_folder_test_2_txt_placeholder.txt';'test_watchdog_process_folder_test_2_txt_placeholder.txt';1;'Thu Jul 18, 2024 at 14:52:25';'Thu Jul 18, 2024 at 14:52:25'
'test_watchdog_process_folder_2_test_1_txt_placeholder.txt';'test_watchdog_process_folder_2_test_1_txt_placeholder.txt';1;'Thu Jul 18, 2024 at 14:52:25';'Thu Jul 18, 2024 at 14:52:25'
'full_test_txt_placeholder.txt';'full_test_txt_placeholder.txt';1;'Thu Jul 18, 2024 at 14:52:25';'Thu Jul 18, 2024 at 14:52:25'
'_ipynb_checkpoints_test_data-checkpoint_txt_placeholder.txt';'_ipynb_checkpoints_test_data-checkpoint_txt_placeholder.txt';1;'Thu Jul 18, 2024 at 14:52:25';'Thu Jul 18, 2024 at 14:52:25'
'test_watchdog_folder__ipynb_checkpoints_test_1-checkpoint_txt_placeholder.txt';'test_watchdog_folder__ipynb_checkpoints_test_1-checkpoint_txt_placeholder.txt';1;'Thu Jul 18, 2024 at 14:52:25';'Thu Jul 18, 2024 at 14:52:25'
'test_watchdog_process_folder__ipynb_checkpoints_test_2-checkpoint_txt_placeholder.txt';'test_watchdog_process_folder__ipynb_checkpoints_test_2-checkpoint_txt_placeholder.txt';1;'Thu Jul 18, 2024 at 14:52:25';'Thu Jul 18, 2024 at 14:52:25'
'test_watchdog_process_folder_2__ipynb_checkpoints_test_1-checkpoint_txt_placeholder.txt';'test_watchdog_process_folder_2__ipynb_checkpoints_test_1-checkpoint_txt_placeholder.txt';1;'Thu Jul 18, 2024 at 14:52:25';'Thu Jul 18, 2024 at 14:52:25'